review_id,event_id,package_id,generation_mode,section,statement,tag,claim_ids,evidence_json,decision,reviewer,reviewed_at_utc,comment
SR01,EVT-0111,PKG-0111-studio-v1,cache,brief,"Según mundomaritimo.cl, el Canal de Panamá aumentará a 33 los cupos diarios de tránsito y fija calado Neopanamax en 14,94 metros. Esta información se basa en un titular publicado en el sitio web de la fuente.",DECLARACION,"[""CLM-0111-001"", ""CLM-0111-003"", ""CLM-0111-004""]","[{""claim_id"": ""CLM-0111-001"", ""statement"": ""Canal de Panamá aumentará a 33 los cupos diarios de tránsito y fija calado Neopanamax en 14,94 metros"", ""status"": ""SOLO_REPORTADA"", ""attributed_to"": ""mundomaritimo.cl"", ""refs"": [{""evidence_id"": ""news:gdt-335e8e67c36674da5713"", ""kind"": ""noticia"", ""field"": ""titulo"", ""value"": ""Canal de Panamá aumentará a 33 los cupos diarios de tránsito y fija calado Neopanamax en 14,94 metros"", ""period"": null, ""url"": ""https://www.mundomaritimo.cl/noticias/canal-de-panama-aumentara-a-33-los-cupos-diarios-de-transito-y-fija-calado-neopanamax-en-1494-metros"", ""excerpt"": ""Canal de Panamá aumentará a 33 los cupos diarios de tránsito y fija calado Neopanamax en 14,94 metros""}]}, {""claim_id"": ""CLM-0111-003"", ""statement"": ""Canal de Panamá aumentará a 33 los cupos diarios de tránsito"", ""status"": ""SOLO_REPORTADA"", ""attributed_to"": ""mundomaritimo.cl"", ""refs"": [{""evidence_id"": ""news:gdt-335e8e67c36674da5713"", ""kind"": ""noticia"", ""field"": ""titulo"", ""value"": ""Canal de Panamá aumentará a 33 los cupos diarios de tránsito y fija calado Neopanamax en 14,94 metros"", ""period"": null, ""url"": ""https://www.mundomaritimo.cl/noticias/canal-de-panama-aumentara-a-33-los-cupos-diarios-de-transito-y-fija-calado-neopanamax-en-1494-metros"", ""excerpt"": ""Canal de Panamá aumentará a 33 los cupos diarios de tránsito y fija calado Neopanamax en 14,94 metros""}]}, {""claim_id"": ""CLM-0111-004"", ""statement"": ""Canal de Panamá fija calado Neopanamax en 14,94 metros"", ""status"": ""SOLO_REPORTADA"", ""attributed_to"": ""mundomaritimo.cl"", ""refs"": [{""evidence_id"": ""news:gdt-335e8e67c36674da5713"", ""kind"": ""noticia"", ""field"": ""titulo"", ""value"": ""Canal de Panamá aumentará a 33 los cupos diarios de tránsito y fija calado Neopanamax en 14,94 metros"", ""period"": null, ""url"": ""https://www.mundomaritimo.cl/noticias/canal-de-panama-aumentara-a-33-los-cupos-diarios-de-transito-y-fija-calado-neopanamax-en-1494-metros"", ""excerpt"": ""Canal de Panamá aumentará a 33 los cupos diarios de tránsito y fija calado Neopanamax en 14,94 metros""}]}]",,,,
SR02,EVT-0088,PKG-0088-studio-v1,cache,brief,"Según telemetro.com, el Canal de Panamá reduce el tránsito de buques debido al fenómeno climático El Niño, lo que podría afectar la logística y la economía del país. Sin embargo, no se dispone de información detallada sobre el impacto real de este fenómeno.",DECLARACION,"[""CLM-0088-001""]","[{""claim_id"": ""CLM-0088-001"", ""statement"": ""Canal de Panamá reduce el tránsito de buques por El Niño: ¿qué significa para el país?"", ""status"": ""SOLO_REPORTADA"", ""attributed_to"": ""telemetro.com"", ""refs"": [{""evidence_id"": ""news:gdt-f63259a11c73800d786e"", ""kind"": ""noticia"", ""field"": ""titulo"", ""value"": ""Canal de Panamá reduce el tránsito de buques por El Niño: ¿qué significa para el país?"", ""period"": null, ""url"": ""https://www.telemetro.com/nacionales/canal-panama-reduce-el-transito-buques-el-nino-que-significa-el-pais-n6090876"", ""excerpt"": ""Canal de Panamá reduce el tránsito de buques por El Niño: ¿qué significa para el país?""}]}]",,,,
SR03,EVT-0127,PKG-0127-studio-v1,cache,brief,"Según telemetro.com, Canal de Panamá mantiene tránsitos y aplica ajustes de calado por El Niño. La información se basa en un titular de un artículo de noticias.",DECLARACION,"[""CLM-0127-001"", ""CLM-0127-003"", ""CLM-0127-004""]","[{""claim_id"": ""CLM-0127-001"", ""statement"": ""Canal de Panamá mantiene tránsitos y aplica ajustes de calado por El Niño"", ""status"": ""SOLO_REPORTADA"", ""attributed_to"": ""telemetro.com"", ""refs"": [{""evidence_id"": ""news:gdt-6efeaf413fa97fd71039"", ""kind"": ""noticia"", ""field"": ""titulo"", ""value"": ""Canal de Panamá mantiene tránsitos y aplica ajustes de calado por El Niño"", ""period"": null, ""url"": ""https://www.telemetro.com/nacionales/canal-panama-mantiene-transitos-y-aplica-ajustes-calado-el-nino-n6085500"", ""excerpt"": ""Canal de Panamá mantiene tránsitos y aplica ajustes de calado por El Niño""}]}, {""claim_id"": ""CLM-0127-003"", ""statement"": ""Canal de Panamá mantiene tránsitos"", ""status"": ""SOLO_REPORTADA"", ""attributed_to"": ""telemetro.com"", ""refs"": [{""evidence_id"": ""news:gdt-6efeaf413fa97fd71039"", ""kind"": ""noticia"", ""field"": ""titulo"", ""value"": ""Canal de Panamá mantiene tránsitos y aplica ajustes de calado por El Niño"", ""period"": null, ""url"": ""https://www.telemetro.com/nacionales/canal-panama-mantiene-transitos-y-aplica-ajustes-calado-el-nino-n6085500"", ""excerpt"": ""Canal de Panamá mantiene tránsitos y aplica ajustes de calado por El Niño""}]}, {""claim_id"": ""CLM-0127-004"", ""statement"": ""Canal de Panamá aplica ajustes de calado"", ""status"": ""SOLO_REPORTADA"", ""attributed_to"": ""telemetro.com"", ""refs"": [{""evidence_id"": ""news:gdt-6efeaf413fa97fd71039"", ""kind"": ""noticia"", ""field"": ""titulo"", ""value"": ""Canal de Panamá mantiene tránsitos y aplica ajustes de calado por El Niño"", ""period"": null, ""url"": ""https://www.telemetro.com/nacionales/canal-panama-mantiene-transitos-y-aplica-ajustes-calado-el-nino-n6085500"", ""excerpt"": ""Canal de Panamá mantiene tránsitos y aplica ajustes de calado por El Niño""}]}]",,,,
SR04,EVT-0057,PKG-0057-studio-v1,cache,brief,"Según elcaribe.com.do, un buque gasífero surcoreano cruzó el Canal de Panamá. La noticia se basa únicamente en el titular de un artículo, sin detalles adicionales.",DECLARACION,"[""CLM-0057-001""]","[{""claim_id"": ""CLM-0057-001"", ""statement"": ""El buque gasífero surcoreano cruza el Canal de Panamá"", ""status"": ""SOLO_REPORTADA"", ""attributed_to"": ""elcaribe.com.do"", ""refs"": [{""evidence_id"": ""news:gdt-2c6c6838a15a23376466"", ""kind"": ""noticia"", ""field"": ""titulo"", ""value"": ""El buque gasífero surcoreano cruza el Canal de Panamá"", ""period"": null, ""url"": ""https://www.elcaribe.com.do/panorama/internacionales/buque-surcoreano-canal-de-panama/"", ""excerpt"": ""El buque gasífero surcoreano cruza el Canal de Panamá""}]}]",,,,
SR05,EVT-0091,PKG-0091-studio-v1,cache,brief,"Según maharashtratimes.com, se reporta una escasez de agua en el Canal de Panamá que podría afectar el comercio internacional, incluyendo rutas hacia la India. La situación se complica tras la temporada de lluvias, lo que pone en riesgo la operación del canal.",DECLARACION,"[""CLM-0091-001""]","[{""claim_id"": ""CLM-0091-001"", ""statement"": ""Panama Canal Water Shortage Shipping Impact On India ; आटणारं पाणी जगाला रडवणार! होर्मुझनंतर आणखी एक जलमार्ग संकटात; कृत्रिम 'गेटवे' धोक्यात"", ""status"": ""SOLO_REPORTADA"", ""attributed_to"": ""maharashtratimes.com"", ""refs"": [{""evidence_id"": ""news:gdt-fa53cf8b516a1975a2f8"", ""kind"": ""noticia"", ""field"": ""titulo"", ""value"": ""Panama Canal Water Shortage Shipping Impact On India ; आटणारं पाणी जगाला रडवणार! होर्मुझनंतर आणखी एक जलमार्ग संकटात; कृत्रिम 'गेटवे' धोक्यात"", ""period"": null, ""url"": ""https://maharashtratimes.com/business/business-news/panama-canal-water-shortage-shipping-impact-on-india-and-world-economy/articleshow/133888152.cms"", ""excerpt"": ""Panama Canal Water Shortage Shipping Impact On India ; आटणारं पाणी जगाला रडवणार! होर्मुझनंतर आणखी एक जलमार्ग संकटात; कृत्रिम 'गेटवे' धोक्यात""}]}]",,,,
SR06,EVT-0158,PKG-0158-studio-v1,cache,brief,"Según prensa.com, el Canal de Panamá aplica una nueva reducción del calado para enfrentar el fenómeno de El Niño. Esta medida se reporta como parte de las acciones para garantizar la operación del canal en condiciones climáticas adversas.",DECLARACION,"[""CLM-0158-001"", ""CLM-0158-003""]","[{""claim_id"": ""CLM-0158-001"", ""statement"": ""El Canal de Panamá aplica nueva reducción del calado para enfrentar el fenómeno de El Niño"", ""status"": ""SOLO_REPORTADA"", ""attributed_to"": ""prensa.com"", ""refs"": [{""evidence_id"": ""news:gdt-01a0b491689ea24c2bae"", ""kind"": ""noticia"", ""field"": ""titulo"", ""value"": ""El Canal de Panamá aplica nueva reducción del calado para enfrentar el fenómeno de El Niño"", ""period"": null, ""url"": ""https://www.prensa.com/economia/el-canal-de-panama-aplica-nueva-reduccion-del-calado-para-enfrentar-el-fenomeno-de-el-nino/"", ""excerpt"": ""El Canal de Panamá aplica nueva reducción del calado para enfrentar el fenómeno de El Niño""}]}, {""claim_id"": ""CLM-0158-003"", ""statement"": ""El Canal de Panamá aplica nueva reducción del calado"", ""status"": ""SOLO_REPORTADA"", ""attributed_to"": ""prensa.com"", ""refs"": [{""evidence_id"": ""news:gdt-01a0b491689ea24c2bae"", ""kind"": ""noticia"", ""field"": ""titulo"", ""value"": ""El Canal de Panamá aplica nueva reducción del calado para enfrentar el fenómeno de El Niño"", ""period"": null, ""url"": ""https://www.prensa.com/economia/el-canal-de-panama-aplica-nueva-reduccion-del-calado-para-enfrentar-el-fenomeno-de-el-nino/"", ""excerpt"": ""El Canal de Panamá aplica nueva reducción del calado para enfrentar el fenómeno de El Niño""}]}]",,,,
SR07,EVT-0179,PKG-0179-studio-v1,cache,brief,"Según laestrella.com.pa, el Canal de Panamá cobró una cifra récord, con un buque que pagó $5.3 millones por cruzar. La noticia se basa únicamente en el titular de un artículo sin contenido detallado.",DECLARACION,"[""CLM-0179-001"", ""CLM-0179-002"", ""CLM-0179-003""]","[{""claim_id"": ""CLM-0179-001"", ""statement"": ""Canal de Panamá cobra una cifra récord: buque paga $5.3 millones por cruzar"", ""status"": ""SOLO_REPORTADA"", ""attributed_to"": ""laestrella.com.pa"", ""refs"": [{""evidence_id"": ""news:gdt-b8036bf3f39cdd4e8047"", ""kind"": ""noticia"", ""field"": ""titulo"", ""value"": ""Canal de Panamá cobra una cifra récord: buque paga $5.3 millones por cruzar"", ""period"": null, ""url"": ""https://www.laestrella.com.pa/panama/nacional/canal-de-panama-cobra-una-cifra-record-buque-paga-53-millones-por-cruzar-MG25233960"", ""excerpt"": ""Canal de Panamá cobra una cifra récord: buque paga $5.3 millones por cruzar""}]}, {""claim_id"": ""CLM-0179-002"", ""statement"": ""Canal de Panamá cobra una cifra récord"", ""status"": ""SOLO_REPORTADA"", ""attributed_to"": ""laestrella.com.pa"", ""refs"": [{""evidence_id"": ""news:gdt-b8036bf3f39cdd4e8047"", ""kind"": ""noticia"", ""field"": ""titulo"", ""value"": ""Canal de Panamá cobra una cifra récord: buque paga $5.3 millones por cruzar"", ""period"": null, ""url"": ""https://www.laestrella.com.pa/panama/nacional/canal-de-panama-cobra-una-cifra-record-buque-paga-53-millones-por-cruzar-MG25233960"", ""excerpt"": ""Canal de Panamá cobra una cifra récord: buque paga $5.3 millones por cruzar""}]}, {""claim_id"": ""CLM-0179-003"", ""statement"": ""buque paga $5.3 millones por cruzar"", ""status"": ""SOLO_REPORTADA"", ""attributed_to"": ""laestrella.com.pa"", ""refs"": [{""evidence_id"": ""news:gdt-b8036bf3f39cdd4e8047"", ""kind"": ""noticia"", ""field"": ""titulo"", ""value"": ""Canal de Panamá cobra una cifra récord: buque paga $5.3 millones por cruzar"", ""period"": null, ""url"": ""https://www.laestrella.com.pa/panama/nacional/canal-de-panama-cobra-una-cifra-record-buque-paga-53-millones-por-cruzar-MG25233960"", ""excerpt"": ""Canal de Panamá cobra una cifra récord: buque paga $5.3 millones por cruzar""}]}]",,,,
SR08,EVT-0181,PKG-0181-studio-v1,cache,brief,"Según revistaeyn.com, Canal de Panamá flexibilizó el sistema de reservas en medio de restricción al tránsito. La medida se tomó como parte de ajustes operativos en respuesta a condiciones actuales.",DECLARACION,"[""CLM-0181-001""]","[{""claim_id"": ""CLM-0181-001"", ""statement"": ""Canal de Panamá flexibiliza el sistema de reservas en medio de restricción al tránsito"", ""status"": ""SOLO_REPORTADA"", ""attributed_to"": ""revistaeyn.com"", ""refs"": [{""evidence_id"": ""news:gdt-409dc5940ab8ce42363a"", ""kind"": ""noticia"", ""field"": ""titulo"", ""value"": ""Canal de Panamá flexibiliza el sistema de reservas en medio de restricción al tránsito"", ""period"": null, ""url"": ""https://www.revistaeyn.com/centroamericaymundo/canal-de-panama-flexibiliza-el-sistema-de-reservas-en-medio-de-restriccion-al-transito-NN31877587"", ""excerpt"": ""Canal de Panamá flexibiliza el sistema de reservas en medio de restricción al tránsito""}]}]",,,,
SR09,EVT-0183,PKG-0183-studio-v1,cache,brief,"Según telemetro.com, la IGUP informó que no se registraron temblores en Panamá el lunes 31 de agosto. Sin embargo, se confirmó un sismo de magnitud 3.6 en la zona de Caldera, a 4 km al oeste-suroeste de la ciudad, según datos del USGS.",DECLARACION,"[""CLM-0183-001"", ""CLM-0183-003""]","[{""claim_id"": ""CLM-0183-001"", ""statement"": ""Sismo en Panamá hoy: IGUP descarta que hoy lunes 31 de agosto no se ha registrado algún temblor"", ""status"": ""SOLO_REPORTADA"", ""attributed_to"": ""telemetro.com"", ""refs"": [{""evidence_id"": ""news:gdt-ecf179e17da0e9ef76c8"", ""kind"": ""noticia"", ""field"": ""titulo"", ""value"": ""Sismo en Panamá hoy: IGUP descarta que hoy lunes 31 de agosto no se ha registrado algún temblor"", ""period"": null, ""url"": ""https://www.telemetro.com/nacionales/sismo-panama-hoy-igup-descarta-que-hoy-lunes-31-agosto-no-se-ha-registrado-algun-temblor-n6090312"", ""excerpt"": ""Sismo en Panamá hoy: IGUP descarta que hoy lunes 31 de agosto no se ha registrado algún temblor""}]}, {""claim_id"": ""CLM-0183-003"", ""statement"": ""USGS registró un sismo de magnitud 3.6 (4 km WSW of Caldera, Panama) en las 48 h cercanas a la publicación"", ""status"": ""SUSTENTADA"", ""attributed_to"": null, ""refs"": [{""evidence_id"": ""usgs:us7000tdbz"", ""kind"": ""sismo"", ""field"": ""magnitude"", ""value"": 3.6, ""period"": ""2026-09-01T04:50:45.457000Z"", ""url"": ""https://earthquake.usgs.gov/earthquakes/eventpage/us7000tdbz"", ""excerpt"": ""4 km WSW of Caldera, Panama""}, {""evidence_id"": ""usgs:us7000tdbz"", ""kind"": ""sismo"", ""field"": ""place"", ""value"": ""4 km WSW of Caldera, Panama"", ""period"": ""2026-09-01T04:50:45.457000Z"", ""url"": ""https://earthquake.usgs.gov/earthquakes/eventpage/us7000tdbz"", ""excerpt"": ""4 km WSW of Caldera, Panama""}]}]",,,,
SR10,EVT-0089,PKG-0089-studio-v1,cache,brief,"Según elvocero.com, se reporta un cambio de liderazgo en el Canal de Panamá, donde Ilya Espino sería la primera mujer que asume la administración. La noticia se basa únicamente en el titular de un artículo disponible en la web.",DECLARACION,"[""CLM-0089-001""]","[{""claim_id"": ""CLM-0089-001"", ""statement"": ""Cambio de liderazgo en el Canal de Panamá: Ilya Espino, primera mujer que asume la administración"", ""status"": ""SOLO_REPORTADA"", ""attributed_to"": ""elvocero.com"", ""refs"": [{""evidence_id"": ""news:gdt-588a9a4f397c2d21afc9"", ""kind"": ""noticia"", ""field"": ""titulo"", ""value"": ""Cambio de liderazgo en el Canal de Panamá: Ilya Espino, primera mujer que asume la administración"", ""period"": null, ""url"": ""https://www.elvocero.com/el-mundo/latinoamerica/cambio-de-liderazgo-en-el-canal-de-panam-ilya-espino-primera-mujer-que-asume-la/article_84b82375-797f-5f5d-8fda-129bb7a32e4b.html"", ""excerpt"": ""Cambio de liderazgo en el Canal de Panamá: Ilya Espino, primera mujer que asume la administración""}]}]",,,,
SR11,EVT-0092,PKG-0092-studio-v1,cache,brief,"Según mundomaritimo.cl, Ilya Espino de Marotta asume como administradora del Canal de Panamá para el período 2026-2033. La información se basa únicamente en el titular de un artículo.",DECLARACION,"[""CLM-0092-001""]","[{""claim_id"": ""CLM-0092-001"", ""statement"": ""Ilya Espino de Marotta asume como administradora del Canal de Panamá para el período 2026-2033"", ""status"": ""SOLO_REPORTADA"", ""attributed_to"": ""mundomaritimo.cl"", ""refs"": [{""evidence_id"": ""news:gdt-ab999357fdd7116f32d2"", ""kind"": ""noticia"", ""field"": ""titulo"", ""value"": ""Ilya Espino de Marotta asume como administradora del Canal de Panamá para el período 2026-2033"", ""period"": null, ""url"": ""https://www.mundomaritimo.cl/noticias/ilya-espino-de-marotta-asume-como-administradora-del-canal-de-panama-para-el-periodo-2026-2033"", ""excerpt"": ""Ilya Espino de Marotta asume como administradora del Canal de Panamá para el período 2026-2033""}]}]",,,,
SR12,EVT-0117,PKG-0117-studio-v1,cache,brief,"Según telemetro.com, la Construcción del Cuarto Puente sobre el Canal de Panamá presenta un 39% de avance, según un titular publicado en su sitio web.",DECLARACION,"[""CLM-0117-001""]","[{""claim_id"": ""CLM-0117-001"", ""statement"": ""Construcción del Cuarto Puente sobre el Canal de Panamá presenta un 39% de avance"", ""status"": ""SOLO_REPORTADA"", ""attributed_to"": ""telemetro.com"", ""refs"": [{""evidence_id"": ""news:gdt-23509ef75cdfc7ffa759"", ""kind"": ""noticia"", ""field"": ""titulo"", ""value"": ""Construcción del Cuarto Puente sobre el Canal de Panamá presenta un 39% de avance"", ""period"": null, ""url"": ""https://www.telemetro.com/entrevistas/nacionales/construccion-del-cuarto-puente-el-canal-panama-presenta-un-39-avance-n6085128"", ""excerpt"": ""Construcción del Cuarto Puente sobre el Canal de Panamá presenta un 39% de avance""}]}]",,,,
SR13,EVT-0125,PKG-0125-studio-v1,cache,brief,"Según telemetro.com, se reportó un sismo de magnitud 4.7 que sacudió la frontera entre Panamá y Costa Rica, sin reportes de daños. (claim_ids: CLM-0125-002, CLM-0125-004, CLM-0125-005)",DECLARACION,"[""CLM-0125-002"", ""CLM-0125-004"", ""CLM-0125-005""]","[{""claim_id"": ""CLM-0125-002"", ""statement"": ""Sismo de magnitud 4.7 sacude la frontera entre Panamá y Costa Rica; no se reportan daños"", ""status"": ""EN_CONFLICTO"", ""attributed_to"": ""telemetro.com"", ""refs"": [{""evidence_id"": ""news:gdt-d8c316078fe594bf3304"", ""kind"": ""noticia"", ""field"": ""titulo"", ""value"": ""Sismo de magnitud 4.7 sacude la frontera entre Panamá y Costa Rica; no se reportan daños"", ""period"": null, ""url"": ""https://www.telemetro.com/nacionales/sismo-magnitud-47-sacude-la-frontera-panama-y-costa-rica-no-se-reportan-danos-n6085393"", ""excerpt"": ""Sismo de magnitud 4.7 sacude la frontera entre Panamá y Costa Rica; no se reportan daños""}]}, {""claim_id"": ""CLM-0125-004"", ""statement"": ""Sismo de magnitud 4.7 sacude la frontera entre Panamá y Costa Rica"", ""status"": ""SOLO_REPORTADA"", ""attributed_to"": ""telemetro.com"", ""refs"": [{""evidence_id"": ""news:gdt-d8c316078fe594bf3304"", ""kind"": ""noticia"", ""field"": ""titulo"", ""value"": ""Sismo de magnitud 4.7 sacude la frontera entre Panamá y Costa Rica; no se reportan daños"", ""period"": null, ""url"": ""https://www.telemetro.com/nacionales/sismo-magnitud-47-sacude-la-frontera-panama-y-costa-rica-no-se-reportan-danos-n6085393"", ""excerpt"": ""Sismo de magnitud 4.7 sacude la frontera entre Panamá y Costa Rica; no se reportan daños""}]}, {""claim_id"": ""CLM-0125-005"", ""statement"": ""no se reportan daños"", ""status"": ""SOLO_REPORTADA"", ""attributed_to"": ""telemetro.com"", ""refs"": [{""evidence_id"": ""news:gdt-d8c316078fe594bf3304"", ""kind"": ""noticia"", ""field"": ""titulo"", ""value"": ""Sismo de magnitud 4.7 sacude la frontera entre Panamá y Costa Rica; no se reportan daños"", ""period"": null, ""url"": ""https://www.telemetro.com/nacionales/sismo-magnitud-47-sacude-la-frontera-panama-y-costa-rica-no-se-reportan-danos-n6085393"", ""excerpt"": ""Sismo de magnitud 4.7 sacude la frontera entre Panamá y Costa Rica; no se reportan daños""}]}]",,,,
SR14,EVT-0147,PKG-0147-studio-v1,cache,brief,"Según eluniversal.com.mx, se informó sobre el horario y canales para ver EN VIVO el partido entre México y Panamá, programado para hoy, miércoles 5 de agosto.",DECLARACION,"[""CLM-0147-001""]","[{""claim_id"": ""CLM-0147-001"", ""statement"": ""México vs Panamá: Horario y canales para ver EN VIVO a la Selección Mexicana, HOY, miércoles 5 de agosto"", ""status"": ""SOLO_REPORTADA"", ""attributed_to"": ""eluniversal.com.mx"", ""refs"": [{""evidence_id"": ""news:gdt-78df76610c1312af15a1"", ""kind"": ""noticia"", ""field"": ""titulo"", ""value"": ""México vs Panamá: Horario y canales para ver EN VIVO a la Selección Mexicana, HOY, miércoles 5 de agosto"", ""period"": null, ""url"": ""https://www.eluniversal.com.mx/deportes/mexico-vs-panama-horario-y-canales-para-ver-en-vivo-a-la-seleccion-mexicana-hoy-miercoles-5-de-agosto/"", ""excerpt"": ""México vs Panamá: Horario y canales para ver EN VIVO a la Selección Mexicana, HOY, miércoles 5 de agosto""}]}]",,,,
SR15,EVT-0156,PKG-0156-studio-v1,cache,brief,"Según avn.info.ve, el titular de un artículo menciona que las tarifas del Canal de Panamá aumentaron 16 veces en comparación a las del 2025. Sin embargo, no se dispone de información suficiente para confirmar la veracidad de esta afirmación.",DECLARACION,"[""CLM-0156-001"", ""CLM-0156-002""]","[{""claim_id"": ""CLM-0156-001"", ""statement"": ""Tarifas del Canal de Panamá aumentan 16 veces en comparación a las del 2025 - Agencia Venezolana de Noticias"", ""status"": ""SOLO_REPORTADA"", ""attributed_to"": ""avn.info.ve"", ""refs"": [{""evidence_id"": ""news:gdt-63590b042ad13d6d0443"", ""kind"": ""noticia"", ""field"": ""titulo"", ""value"": ""Tarifas del Canal de Panamá aumentan 16 veces en comparación a las del 2025 - Agencia Venezolana de Noticias"", ""period"": null, ""url"": ""https://avn.info.ve/tarifas-del-canal-de-panama-aumentan-16-veces-en-comparacion-a-las-del-2025/"", ""excerpt"": ""Tarifas del Canal de Panamá aumentan 16 veces en comparación a las del 2025 - Agencia Venezolana de Noticias""}]}, {""claim_id"": ""CLM-0156-002"", ""statement"": ""Tarifas del Canal de Panamá aumentan 16 veces en comparación a las del 2025"", ""status"": ""SOLO_REPORTADA"", ""attributed_to"": ""avn.info.ve"", ""refs"": [{""evidence_id"": ""news:gdt-63590b042ad13d6d0443"", ""kind"": ""noticia"", ""field"": ""titulo"", ""value"": ""Tarifas del Canal de Panamá aumentan 16 veces en comparación a las del 2025 - Agencia Venezolana de Noticias"", ""period"": null, ""url"": ""https://avn.info.ve/tarifas-del-canal-de-panama-aumentan-16-veces-en-comparacion-a-las-del-2025/"", ""excerpt"": ""Tarifas del Canal de Panamá aumentan 16 veces en comparación a las del 2025 - Agencia Venezolana de Noticias""}]}]",,,,
SR16,EVT-0160,PKG-0160-studio-v1,cache,brief,"Según panamaamerica.com.pa, el Canal de Panamá cumple 112 años de operaciones. La noticia menciona que el canal enfrenta varios retos en el horizonte.",DECLARACION,"[""CLM-0160-001""]","[{""claim_id"": ""CLM-0160-001"", ""statement"": ""Canal de Panamá cumple 112 años de operaciones con varios retos en el horizonte"", ""status"": ""SOLO_REPORTADA"", ""attributed_to"": ""panamaamerica.com.pa"", ""refs"": [{""evidence_id"": ""news:gdt-fe666e2891243fe5fa4c"", ""kind"": ""noticia"", ""field"": ""titulo"", ""value"": ""Canal de Panamá cumple 112 años de operaciones con varios retos en el horizonte"", ""period"": null, ""url"": ""https://www.panamaamerica.com.pa/economia/canal-de-panama-cumple-112-anos-de-operaciones-con-varios-retos-en-el-horizonte-1265219"", ""excerpt"": ""Canal de Panamá cumple 112 años de operaciones con varios retos en el horizonte""}]}]",,,,
SR17,EVT-0175,PKG-0175-studio-v1,cache,brief,"Según infobae.com, Panamá investiga la pérdida total del buque carguero que naufragó en India y dejó 22 desaparecidos. La información se basa en un titular publicado en el medio.",DECLARACION,"[""CLM-0175-001""]","[{""claim_id"": ""CLM-0175-001"", ""statement"": ""Panamá investiga la pérdida total del buque carguero que naufragó en India y dejó 22 desaparecidos"", ""status"": ""SOLO_REPORTADA"", ""attributed_to"": ""infobae.com"", ""refs"": [{""evidence_id"": ""news:gdt-90daaebc107b7fb9075c"", ""kind"": ""noticia"", ""field"": ""titulo"", ""value"": ""Panamá investiga la pérdida total del buque carguero que naufragó en India y dejó 22 desaparecidos"", ""period"": null, ""url"": ""https://www.infobae.com/panama/2026/08/25/panama-investiga-la-perdida-total-del-buque-carguero-que-naufrago-en-india/"", ""excerpt"": ""Panamá investiga la pérdida total del buque carguero que naufragó en India y dejó 22 desaparecidos""}]}]",,,,
SR18,EVT-0149,PKG-0149-studio-v1,cache,brief,"Según hsbnoticias.com, la Fiscalía amplió medidas cautelares en el caso Lili Pink y incluyó una nueva empresa vinculada a importaciones desde Panamá.",DECLARACION,"[""CLM-0149-001""]","[{""claim_id"": ""CLM-0149-001"", ""statement"": ""Fiscalía amplía medidas cautelares en caso Lili Pink e incluye nueva empresa vinculada a importaciones desde Panamá"", ""status"": ""SOLO_REPORTADA"", ""attributed_to"": ""hsbnoticias.com"", ""refs"": [{""evidence_id"": ""news:gdt-41710870df708569e2ca"", ""kind"": ""noticia"", ""field"": ""titulo"", ""value"": ""Fiscalía amplía medidas cautelares en caso Lili Pink e incluye nueva empresa vinculada a importaciones desde Panamá"", ""period"": null, ""url"": ""https://www.hsbnoticias.com/fiscalia-amplia-medidas-cautelares-en-caso-lili-pink-e-incluye-nueva-empresa-vinculada-a-importaciones-desde-panama/"", ""excerpt"": ""Fiscalía amplía medidas cautelares en caso Lili Pink e incluye nueva empresa vinculada a importaciones desde Panamá""}]}]",,,,
SR19,EVT-0062,PKG-0062-studio-v1,cache,brief,"Otra fuente atribuye la declaración al Presidente de Panamá mismo, indicando que su visita a Ecuador está programada para el viernes con el propósito de abordar asuntos económicos y de seguridad.",DECLARACION,"[""CLM-0062-002""]","[{""claim_id"": ""CLM-0062-002"", ""statement"": ""Presidente de Panamá visitará Ecuador el viernes para hablar sobre economía y seguridad"", ""status"": ""SOLO_REPORTADA"", ""attributed_to"": ""Presidente de Panamá (según diaadia.com.pa)"", ""refs"": [{""evidence_id"": ""news:gdt-8579da59ed4c0b2d3a87"", ""kind"": ""noticia"", ""field"": ""titulo"", ""value"": ""Presidente de Panamá visitará Ecuador el viernes para hablar sobre economía y seguridad"", ""period"": null, ""url"": ""https://www.diaadia.com.pa/el-pais/presidente-de-panama-visitara-ecuador-el-viernes-para-hablar-sobre-economia-y-seguridad"", ""excerpt"": ""Presidente de Panamá visitará Ecuador el viernes para hablar sobre economía y seguridad""}]}]",,,,
SR20,EVT-0104,PKG-0104-studio-v1,cache,brief,"Según laestrella.com.pa, Enrique Riquelme explicó el traslado de su holding de España a Panamá con la frase: 'No hay absolutamente nada fiscal'.",DECLARACION,"[""CLM-0104-002"", ""CLM-0104-003""]","[{""claim_id"": ""CLM-0104-002"", ""statement"": ""'No hay absolutamente nada fiscal'"", ""status"": ""SOLO_REPORTADA"", ""attributed_to"": ""Enrique Riquelme (según laestrella.com.pa)"", ""refs"": [{""evidence_id"": ""news:gdt-c72924d8c2b87800874a"", ""kind"": ""noticia"", ""field"": ""titulo"", ""value"": ""'No hay absolutamente nada fiscal': así explica Enrique Riquelme el traslado de su holding de España a Panamá"", ""period"": null, ""url"": ""https://www.laestrella.com.pa/economia/no-hay-absolutamente-nada-fiscal-asi-explica-enrique-riquelme-el-traslado-de-su-holding-de-espana-a-panama-LK25855259"", ""excerpt"": ""'No hay absolutamente nada fiscal': así explica Enrique Riquelme el traslado de su holding de España a Panamá""}]}, {""claim_id"": ""CLM-0104-003"", ""statement"": ""así explica Enrique Riquelme el traslado de su holding de España a Panamá"", ""status"": ""SOLO_REPORTADA"", ""attributed_to"": ""Enrique Riquelme (según laestrella.com.pa)"", ""refs"": [{""evidence_id"": ""news:gdt-c72924d8c2b87800874a"", ""kind"": ""noticia"", ""field"": ""titulo"", ""value"": ""'No hay absolutamente nada fiscal': así explica Enrique Riquelme el traslado de su holding de España a Panamá"", ""period"": null, ""url"": ""https://www.laestrella.com.pa/economia/no-hay-absolutamente-nada-fiscal-asi-explica-enrique-riquelme-el-traslado-de-su-holding-de-espana-a-panama-LK25855259"", ""excerpt"": ""'No hay absolutamente nada fiscal': así explica Enrique Riquelme el traslado de su holding de España a Panamá""}]}]",,,,
SR21,EVT-0096,PKG-0096-studio-v1,cache,brief,"Según lachainemeteo.com, El Niño podría estar reduciendo el nivel del canal de Panamá y afectando el comercio mundial. Sin embargo, no hay evidencia directa que confirme esta afirmación.",DECLARACION,"[""CLM-0096-001"", ""CLM-0096-003"", ""CLM-0096-004""]","[{""claim_id"": ""CLM-0096-001"", ""statement"": ""El Niño fait baisser le niveau du canal de Panama et perturbe le commerce mondial"", ""status"": ""SOLO_REPORTADA"", ""attributed_to"": ""lachainemeteo.com"", ""refs"": [{""evidence_id"": ""news:gdt-11224bbdacde85be739d"", ""kind"": ""noticia"", ""field"": ""titulo"", ""value"": ""El Niño fait baisser le niveau du canal de Panama et perturbe le commerce mondial"", ""period"": null, ""url"": ""https://actualite.lachainemeteo.com/actualite-meteo/2026-09-15/el-nino-fait-baisser-le-niveau-du-canal-de-panama-et-perturbe-le-commerce-mondial-92326"", ""excerpt"": ""El Niño fait baisser le niveau du canal de Panama et perturbe le commerce mondial""}]}, {""claim_id"": ""CLM-0096-003"", ""statement"": ""El Niño fait baisser le niveau du canal de Panama"", ""status"": ""SOLO_REPORTADA"", ""attributed_to"": ""lachainemeteo.com"", ""refs"": [{""evidence_id"": ""news:gdt-11224bbdacde85be739d"", ""kind"": ""noticia"", ""field"": ""titulo"", ""value"": ""El Niño fait baisser le niveau du canal de Panama et perturbe le commerce mondial"", ""period"": null, ""url"": ""https://actualite.lachainemeteo.com/actualite-meteo/2026-09-15/el-nino-fait-baisser-le-niveau-du-canal-de-panama-et-perturbe-le-commerce-mondial-92326"", ""excerpt"": ""El Niño fait baisser le niveau du canal de Panama et perturbe le commerce mondial""}]}, {""claim_id"": ""CLM-0096-004"", ""statement"": ""El Niño perturbe le commerce mondial"", ""status"": ""SOLO_REPORTADA"", ""attributed_to"": ""lachainemeteo.com"", ""refs"": [{""evidence_id"": ""news:gdt-11224bbdacde85be739d"", ""kind"": ""noticia"", ""field"": ""titulo"", ""value"": ""El Niño fait baisser le niveau du canal de Panama et perturbe le commerce mondial"", ""period"": null, ""url"": ""https://actualite.lachainemeteo.com/actualite-meteo/2026-09-15/el-nino-fait-baisser-le-niveau-du-canal-de-panama-et-perturbe-le-commerce-mondial-92326"", ""excerpt"": ""El Niño fait baisser le niveau du canal de Panama et perturbe le commerce mondial""}]}]",,,,
SR22,EVT-0055,PKG-0055-studio-v1,cache,brief,"Según larepublica.co, el Canal de Panamá destinará la mayor parte de sus aportes al presupuesto y gastos del Estado. La noticia se basa únicamente en el titular de un artículo.",DECLARACION,"[""CLM-0055-001""]","[{""claim_id"": ""CLM-0055-001"", ""statement"": ""Canal de Panamá destinará la mayor parte de sus aportes al presupuesto y gastos del Estado"", ""status"": ""SOLO_REPORTADA"", ""attributed_to"": ""larepublica.co"", ""refs"": [{""evidence_id"": ""news:gdt-29e433e79f24afd5474c"", ""kind"": ""noticia"", ""field"": ""titulo"", ""value"": ""Canal de Panamá destinará la mayor parte de sus aportes al presupuesto y gastos del Estado"", ""period"": null, ""url"": ""https://www.larepublica.co/globoeconomia/canal-de-panama-destinara-la-mayor-parte-de-sus-aportes-al-presupuesto-y-gastos-del-estado-4471908"", ""excerpt"": ""Canal de Panamá destinará la mayor parte de sus aportes al presupuesto y gastos del Estado""}]}]",,,,
SR23,EVT-0080,PKG-0080-studio-v1,cache,brief,"Autoridad Marítima de Panamá revisará resolución sobre acceso a información pública, según laestrella.com.pa.",DECLARACION,"[""CLM-0080-001""]","[{""claim_id"": ""CLM-0080-001"", ""statement"": ""Autoridad Marítima de Panamá revisará resolución sobre acceso a información pública"", ""status"": ""SOLO_REPORTADA"", ""attributed_to"": ""laestrella.com.pa"", ""refs"": [{""evidence_id"": ""news:gdt-b67dc26db0a203e76228"", ""kind"": ""noticia"", ""field"": ""titulo"", ""value"": ""Autoridad Marítima de Panamá revisará resolución sobre acceso a información pública"", ""period"": null, ""url"": ""https://www.laestrella.com.pa/panama/nacional/autoridad-maritima-de-panama-revisara-resolucion-sobre-acceso-a-informacion-publica-AH25338459"", ""excerpt"": ""Autoridad Marítima de Panamá revisará resolución sobre acceso a información pública""}]}]",,,,
SR24,EVT-0090,PKG-0090-studio-v1,cache,brief,"Según otempo.com.br, el fenómeno El Niño podría llevar al Canal de Panamá a nuevas restricciones. Sin embargo, no hay evidencia actual que confirme este impacto.",DECLARACION,"[""CLM-0090-001""]","[{""claim_id"": ""CLM-0090-001"", ""statement"": ""Seca pelo El Niño pode levar Canal do Panamá a novas restrições"", ""status"": ""SOLO_REPORTADA"", ""attributed_to"": ""otempo.com.br"", ""refs"": [{""evidence_id"": ""news:gdt-f010167dd0ff551b69e2"", ""kind"": ""noticia"", ""field"": ""titulo"", ""value"": ""Seca pelo El Niño pode levar Canal do Panamá a novas restrições"", ""period"": null, ""url"": ""https://www.otempo.com.br/mundo/2026/9/7/seca-provocada-pelo-el-nino-pode-levar-canal-do-panama-a-impor-novas-restricoes"", ""excerpt"": ""Seca pelo El Niño pode levar Canal do Panamá a novas restrições""}]}]",,,,
SR25,EVT-0134,PKG-0134-studio-v1,cache,brief,"El Canal de Panamá listó su bono en el mercado secundario de Latinex, según un titular publicado por prensa.com. No se dispone de información detallada sobre las razones de esta decisión.",DECLARACION,"[""CLM-0134-001""]","[{""claim_id"": ""CLM-0134-001"", ""statement"": ""¿Por qué el Canal de Panamá listó su bono en el mercado secundario de Latinex?"", ""status"": ""SOLO_REPORTADA"", ""attributed_to"": ""prensa.com"", ""refs"": [{""evidence_id"": ""news:gdt-6d81d100f4164a825bf7"", ""kind"": ""noticia"", ""field"": ""titulo"", ""value"": ""¿Por qué el Canal de Panamá listó su bono en el mercado secundario de Latinex?"", ""period"": null, ""url"": ""https://www.prensa.com/economia/por-que-el-canal-de-panama-listo-su-bono-en-el-mercado-secundario-de-latinex/"", ""excerpt"": ""¿Por qué el Canal de Panamá listó su bono en el mercado secundario de Latinex?""}]}]",,,,
SR26,EVT-0102,PKG-0102-studio-v1,cache,brief,"Según mundodeportivo.com, se reporta que Enrique Riquelme trasladó su fortuna a Panamá tras la presión fiscal del gobierno español. La noticia se basa únicamente en el titular de un artículo disponible en la web.",DECLARACION,"[""CLM-0102-001""]","[{""claim_id"": ""CLM-0102-001"", ""statement"": ""Enrique Riquelme traslada su fortuna a Panamá tras la presión fiscal del gobierno español"", ""status"": ""SOLO_REPORTADA"", ""attributed_to"": ""mundodeportivo.com"", ""refs"": [{""evidence_id"": ""news:gdt-55a4df5c2f430f54c63a"", ""kind"": ""noticia"", ""field"": ""titulo"", ""value"": ""Enrique Riquelme traslada su fortuna a Panamá tras la presión fiscal del gobierno español"", ""period"": null, ""url"": ""https://www.mundodeportivo.com/futbol/real-madrid/20260916/1004228105/enrique-riquelme-traslada-fortuna-panama-presion-fiscal-gobierno-espanol.html"", ""excerpt"": ""Enrique Riquelme traslada su fortuna a Panamá tras la presión fiscal del gobierno español""}]}]",,,,
SR27,EVT-0009,PKG-0009-studio-v1,cache,brief,"TVN Media anunció una jornada de voluntariado en el Banco de Alimentos, lo que refleja su compromiso social. La iniciativa fue reportada por la propia empresa.",DECLARACION,"[""CLM-0009-001""]","[{""claim_id"": ""CLM-0009-001"", ""statement"": ""TVN Media refuerza su compromiso social con jornada de voluntariado en el Banco de Alimentos"", ""status"": ""SOLO_REPORTADA"", ""attributed_to"": ""TVN"", ""refs"": [{""evidence_id"": ""news:tvn-ed18ce261c658cddd084"", ""kind"": ""noticia"", ""field"": ""titulo"", ""value"": ""TVN Media refuerza su compromiso social con jornada de voluntariado en el Banco de Alimentos"", ""period"": null, ""url"": ""https://www.tvn-2.com/nacionales/tvn-media-refuerza-compromiso-social_1_2217708.html"", ""excerpt"": ""TVN Media refuerza su compromiso social con jornada de voluntariado en el Banco de Alimentos""}]}]",,,,
SR28,EVT-0048,PKG-0048-studio-v1,cache,brief,"Según TVN, Banistmo presentó una nueva identidad institucional como parte de su integración al Grupo Financiero BSC. El anuncio se hizo a través de un titular publicado en el medio.",DECLARACION,"[""CLM-0048-001""]","[{""claim_id"": ""CLM-0048-001"", ""statement"": ""Tu Banco, tu Istmo: Banistmo presenta nueva identidad como parte del Grupo Financiero BSC"", ""status"": ""SOLO_REPORTADA"", ""attributed_to"": ""TVN"", ""refs"": [{""evidence_id"": ""news:tvn-85293a9ba9bacac2d3f8"", ""kind"": ""noticia"", ""field"": ""titulo"", ""value"": ""Tu Banco, tu Istmo: Banistmo presenta nueva identidad como parte del Grupo Financiero BSC"", ""period"": null, ""url"": ""https://www.tvn-2.com/economia/empresas/publirreportajes/banco-istmo-banistmo-presenta-nueva_1_2258123.html"", ""excerpt"": ""Tu Banco, tu Istmo: Banistmo presenta nueva identidad como parte del Grupo Financiero BSC""}]}]",,,,
SR29,EVT-0067,PKG-0067-studio-v1,cache,brief,"Según expreso.ec, Daniel Noboa se reunirá con el presidente de Panamá para tratar temas relacionados con comercio y seguridad. La información proviene de un titular publicado en el medio.",DECLARACION,"[""CLM-0067-001""]","[{""claim_id"": ""CLM-0067-001"", ""statement"": ""Daniel Noboa se reunirá con el presidente de Panamá para tratar comercio y seguridad"", ""status"": ""SOLO_REPORTADA"", ""attributed_to"": ""expreso.ec"", ""refs"": [{""evidence_id"": ""news:gdt-9a0a3c6a1c6d4732654b"", ""kind"": ""noticia"", ""field"": ""titulo"", ""value"": ""Daniel Noboa se reunirá con el presidente de Panamá para tratar comercio y seguridad"", ""period"": null, ""url"": ""https://www.expreso.ec/politica/daniel-noboa-jose-raul-mulino-reuniran-guayaquil-tratar-comercio-seguridad-294221.html"", ""excerpt"": ""Daniel Noboa se reunirá con el presidente de Panamá para tratar comercio y seguridad""}]}]",,,,
SR30,EVT-0111,PKG-0111-studio-v1,cache,brief,"El nivel del lago Gatún fue de 84.88 pies el 29 de septiembre de 2026, según datos del ACP.",HECHO,"[""CLM-0111-002""]","[{""claim_id"": ""CLM-0111-002"", ""statement"": ""Según ACP, nivel del lago Gatún (observado) en 2026-09-29: 84.88 pies"", ""status"": ""SUSTENTADA"", ""attributed_to"": null, ""refs"": [{""evidence_id"": ""ind:acp:ACP.GATUN.NIVEL:2026-09-29"", ""kind"": ""indicador"", ""field"": ""valor"", ""value"": 84.88, ""period"": ""2026-09-29"", ""url"": ""https://evtms-rpts.pancanal.com/eng/h2o/Download_Gatun_Lake_Water_Level_History.csv"", ""excerpt"": ""ACP: nivel del lago Gatún (observado), 2026-09-29: 84.88 pies""}]}]",,,,
SR31,EVT-0088,PKG-0088-studio-v1,cache,brief,"El nivel del lago Gatún, un factor clave en el funcionamiento del Canal, fue de 84.0 pies el 4 de septiembre de 2026, según datos del ACP.",HECHO,"[""CLM-0088-002""]","[{""claim_id"": ""CLM-0088-002"", ""statement"": ""Según ACP, nivel del lago Gatún (observado) en 2026-09-04: 84.0 pies"", ""status"": ""SUSTENTADA"", ""attributed_to"": null, ""refs"": [{""evidence_id"": ""ind:acp:ACP.GATUN.NIVEL:2026-09-04"", ""kind"": ""indicador"", ""field"": ""valor"", ""value"": 84.0, ""period"": ""2026-09-04"", ""url"": ""https://evtms-rpts.pancanal.com/eng/h2o/Download_Gatun_Lake_Water_Level_History.csv"", ""excerpt"": ""ACP: nivel del lago Gatún (observado), 2026-09-04: 84.0 pies""}]}]",,,,
SR32,EVT-0127,PKG-0127-studio-v1,cache,brief,"El nivel del lago Gatún fue de 84.69 pies el 16 de julio de 2026, según datos del ACP.",HECHO,"[""CLM-0127-002""]","[{""claim_id"": ""CLM-0127-002"", ""statement"": ""Según ACP, nivel del lago Gatún (observado) en 2026-07-16: 84.69 pies"", ""status"": ""SUSTENTADA"", ""attributed_to"": null, ""refs"": [{""evidence_id"": ""ind:acp:ACP.GATUN.NIVEL:2026-07-16"", ""kind"": ""indicador"", ""field"": ""valor"", ""value"": 84.69, ""period"": ""2026-07-16"", ""url"": ""https://evtms-rpts.pancanal.com/eng/h2o/Download_Gatun_Lake_Water_Level_History.csv"", ""excerpt"": ""ACP: nivel del lago Gatún (observado), 2026-07-16: 84.69 pies""}]}]",,,,
SR33,EVT-0091,PKG-0091-studio-v1,cache,brief,"La escasez de agua en el canal ha generado preocupación por la interrupción de las operaciones de carga y descarga, lo que podría retrasar el transporte de mercancías a nivel mundial.",DECLARACION,"[""CLM-0091-001""]","[{""claim_id"": ""CLM-0091-001"", ""statement"": ""Panama Canal Water Shortage Shipping Impact On India ; आटणारं पाणी जगाला रडवणार! होर्मुझनंतर आणखी एक जलमार्ग संकटात; कृत्रिम 'गेटवे' धोक्यात"", ""status"": ""SOLO_REPORTADA"", ""attributed_to"": ""maharashtratimes.com"", ""refs"": [{""evidence_id"": ""news:gdt-fa53cf8b516a1975a2f8"", ""kind"": ""noticia"", ""field"": ""titulo"", ""value"": ""Panama Canal Water Shortage Shipping Impact On India ; आटणारं पाणी जगाला रडवणार! होर्मुझनंतर आणखी एक जलमार्ग संकटात; कृत्रिम 'गेटवे' धोक्यात"", ""period"": null, ""url"": ""https://maharashtratimes.com/business/business-news/panama-canal-water-shortage-shipping-impact-on-india-and-world-economy/articleshow/133888152.cms"", ""excerpt"": ""Panama Canal Water Shortage Shipping Impact On India ; आटणारं पाणी जगाला रडवणार! होर्मुझनंतर आणखी एक जलमार्ग संकटात; कृत्रिम 'गेटवे' धोक्यात""}]}]",,,,
SR34,EVT-0158,PKG-0158-studio-v1,cache,brief,"El nivel del lago Gatún, según datos del ACP del 14 de agosto de 2026, se registró en 84.12 pies.",HECHO,"[""CLM-0158-002""]","[{""claim_id"": ""CLM-0158-002"", ""statement"": ""Según ACP, nivel del lago Gatún (observado) en 2026-08-14: 84.12 pies"", ""status"": ""SUSTENTADA"", ""attributed_to"": null, ""refs"": [{""evidence_id"": ""ind:acp:ACP.GATUN.NIVEL:2026-08-14"", ""kind"": ""indicador"", ""field"": ""valor"", ""value"": 84.12, ""period"": ""2026-08-14"", ""url"": ""https://evtms-rpts.pancanal.com/eng/h2o/Download_Gatun_Lake_Water_Level_History.csv"", ""excerpt"": ""ACP: nivel del lago Gatún (observado), 2026-08-14: 84.12 pies""}]}]",,,,
SR35,EVT-0181,PKG-0181-studio-v1,cache,brief,"El nivel del lago Gatún, según datos del ACP del 30 de agosto de 2026, se registró en 84.08 pies.",HECHO,"[""CLM-0181-002""]","[{""claim_id"": ""CLM-0181-002"", ""statement"": ""Según ACP, nivel del lago Gatún (observado) en 2026-08-30: 84.08 pies"", ""status"": ""SUSTENTADA"", ""attributed_to"": null, ""refs"": [{""evidence_id"": ""ind:acp:ACP.GATUN.NIVEL:2026-08-30"", ""kind"": ""indicador"", ""field"": ""valor"", ""value"": 84.08, ""period"": ""2026-08-30"", ""url"": ""https://evtms-rpts.pancanal.com/eng/h2o/Download_Gatun_Lake_Water_Level_History.csv"", ""excerpt"": ""ACP: nivel del lago Gatún (observado), 2026-08-30: 84.08 pies""}]}]",,,,
SR36,EVT-0183,PKG-0183-studio-v1,cache,brief,"No se ha confirmado que el sismo haya causado daños ni afectado a personas, según la evidencia disponible.",HECHO,"[""CLM-0183-002""]","[{""claim_id"": ""CLM-0183-002"", ""statement"": ""El sismo causó daños o personas afectadas"", ""status"": ""SIN_SUSTENTO"", ""attributed_to"": null, ""refs"": []}]",,,,
SR37,EVT-0125,PKG-0125-studio-v1,cache,brief,No hay evidencia de daños causados por el sismo. (claim_ids: CLM-0125-003),HECHO,"[""CLM-0125-003""]","[{""claim_id"": ""CLM-0125-003"", ""statement"": ""El sismo causó daños o personas afectadas"", ""status"": ""SIN_SUSTENTO"", ""attributed_to"": null, ""refs"": []}]",,,,
SR38,EVT-0147,PKG-0147-studio-v1,cache,script,"El partido entre México y Panamá se disputará hoy, miércoles 5 de agosto. Según eluniversal.com.mx, se informó sobre el horario y canales para ver EN VIVO la selección mexicana en acción.",DECLARACION,"[""CLM-0147-001""]","[{""claim_id"": ""CLM-0147-001"", ""statement"": ""México vs Panamá: Horario y canales para ver EN VIVO a la Selección Mexicana, HOY, miércoles 5 de agosto"", ""status"": ""SOLO_REPORTADA"", ""attributed_to"": ""eluniversal.com.mx"", ""refs"": [{""evidence_id"": ""news:gdt-78df76610c1312af15a1"", ""kind"": ""noticia"", ""field"": ""titulo"", ""value"": ""México vs Panamá: Horario y canales para ver EN VIVO a la Selección Mexicana, HOY, miércoles 5 de agosto"", ""period"": null, ""url"": ""https://www.eluniversal.com.mx/deportes/mexico-vs-panama-horario-y-canales-para-ver-en-vivo-a-la-seleccion-mexicana-hoy-miercoles-5-de-agosto/"", ""excerpt"": ""México vs Panamá: Horario y canales para ver EN VIVO a la Selección Mexicana, HOY, miércoles 5 de agosto""}]}]",,,,
SR39,EVT-0156,PKG-0156-studio-v1,cache,script,"Según avn.info.ve, un titular menciona que las tarifas del Canal de Panamá aumentaron 16 veces en comparación a las del 2025. Sin embargo, no se dispone de información suficiente para confirmar la veracidad de esta afirmación. Es necesario investigar si esta noticia se basa en datos oficiales o si se trata de una interpretación errónea.",DECLARACION,"[""CLM-0156-001"", ""CLM-0156-002""]","[{""claim_id"": ""CLM-0156-001"", ""statement"": ""Tarifas del Canal de Panamá aumentan 16 veces en comparación a las del 2025 - Agencia Venezolana de Noticias"", ""status"": ""SOLO_REPORTADA"", ""attributed_to"": ""avn.info.ve"", ""refs"": [{""evidence_id"": ""news:gdt-63590b042ad13d6d0443"", ""kind"": ""noticia"", ""field"": ""titulo"", ""value"": ""Tarifas del Canal de Panamá aumentan 16 veces en comparación a las del 2025 - Agencia Venezolana de Noticias"", ""period"": null, ""url"": ""https://avn.info.ve/tarifas-del-canal-de-panama-aumentan-16-veces-en-comparacion-a-las-del-2025/"", ""excerpt"": ""Tarifas del Canal de Panamá aumentan 16 veces en comparación a las del 2025 - Agencia Venezolana de Noticias""}]}, {""claim_id"": ""CLM-0156-002"", ""statement"": ""Tarifas del Canal de Panamá aumentan 16 veces en comparación a las del 2025"", ""status"": ""SOLO_REPORTADA"", ""attributed_to"": ""avn.info.ve"", ""refs"": [{""evidence_id"": ""news:gdt-63590b042ad13d6d0443"", ""kind"": ""noticia"", ""field"": ""titulo"", ""value"": ""Tarifas del Canal de Panamá aumentan 16 veces en comparación a las del 2025 - Agencia Venezolana de Noticias"", ""period"": null, ""url"": ""https://avn.info.ve/tarifas-del-canal-de-panama-aumentan-16-veces-en-comparacion-a-las-del-2025/"", ""excerpt"": ""Tarifas del Canal de Panamá aumentan 16 veces en comparación a las del 2025 - Agencia Venezolana de Noticias""}]}]",,,,
SR40,EVT-0160,PKG-0160-studio-v1,cache,script,"El Canal de Panamá celebra 112 años de operaciones. Según panamaamerica.com.pa, el canal enfrenta varios retos en el horizonte. Aunque no se detallan, la noticia sugiere que la gestión del canal sigue siendo un tema relevante en la logística internacional.",DECLARACION,"[""CLM-0160-001""]","[{""claim_id"": ""CLM-0160-001"", ""statement"": ""Canal de Panamá cumple 112 años de operaciones con varios retos en el horizonte"", ""status"": ""SOLO_REPORTADA"", ""attributed_to"": ""panamaamerica.com.pa"", ""refs"": [{""evidence_id"": ""news:gdt-fe666e2891243fe5fa4c"", ""kind"": ""noticia"", ""field"": ""titulo"", ""value"": ""Canal de Panamá cumple 112 años de operaciones con varios retos en el horizonte"", ""period"": null, ""url"": ""https://www.panamaamerica.com.pa/economia/canal-de-panama-cumple-112-anos-de-operaciones-con-varios-retos-en-el-horizonte-1265219"", ""excerpt"": ""Canal de Panamá cumple 112 años de operaciones con varios retos en el horizonte""}]}]",,,,
SR41,EVT-0175,PKG-0175-studio-v1,cache,script,"Panamá está investigando la pérdida total de un buque carguero que naufragó en India, dejando 22 personas desaparecidas. Según infobae.com, el país revisa su responsabilidad en el incidente. La información se basa en un titular publicado en el medio.",DECLARACION,"[""CLM-0175-001""]","[{""claim_id"": ""CLM-0175-001"", ""statement"": ""Panamá investiga la pérdida total del buque carguero que naufragó en India y dejó 22 desaparecidos"", ""status"": ""SOLO_REPORTADA"", ""attributed_to"": ""infobae.com"", ""refs"": [{""evidence_id"": ""news:gdt-90daaebc107b7fb9075c"", ""kind"": ""noticia"", ""field"": ""titulo"", ""value"": ""Panamá investiga la pérdida total del buque carguero que naufragó en India y dejó 22 desaparecidos"", ""period"": null, ""url"": ""https://www.infobae.com/panama/2026/08/25/panama-investiga-la-perdida-total-del-buque-carguero-que-naufrago-en-india/"", ""excerpt"": ""Panamá investiga la pérdida total del buque carguero que naufragó en India y dejó 22 desaparecidos""}]}]",,,,
SR42,EVT-0149,PKG-0149-studio-v1,cache,brief,"La Fiscalía reportó la ampliación de medidas cautelares en el caso Lili Pink, según la misma fuente.",DECLARACION,"[""CLM-0149-002""]","[{""claim_id"": ""CLM-0149-002"", ""statement"": ""Fiscalía amplía medidas cautelares en caso Lili Pink"", ""status"": ""SOLO_REPORTADA"", ""attributed_to"": ""Fiscalía (según hsbnoticias.com)"", ""refs"": [{""evidence_id"": ""news:gdt-41710870df708569e2ca"", ""kind"": ""noticia"", ""field"": ""titulo"", ""value"": ""Fiscalía amplía medidas cautelares en caso Lili Pink e incluye nueva empresa vinculada a importaciones desde Panamá"", ""period"": null, ""url"": ""https://www.hsbnoticias.com/fiscalia-amplia-medidas-cautelares-en-caso-lili-pink-e-incluye-nueva-empresa-vinculada-a-importaciones-desde-panama/"", ""excerpt"": ""Fiscalía amplía medidas cautelares en caso Lili Pink e incluye nueva empresa vinculada a importaciones desde Panamá""}]}]",,,,
SR43,EVT-0096,PKG-0096-studio-v1,cache,brief,"El nivel del lago Gatún, que es clave para el funcionamiento del canal, fue de 84.28 pies el 14 de septiembre de 2026, según datos del ACP.",HECHO,"[""CLM-0096-002""]","[{""claim_id"": ""CLM-0096-002"", ""statement"": ""Según ACP, nivel del lago Gatún (observado) en 2026-09-14: 84.28 pies"", ""status"": ""SUSTENTADA"", ""attributed_to"": null, ""refs"": [{""evidence_id"": ""ind:acp:ACP.GATUN.NIVEL:2026-09-14"", ""kind"": ""indicador"", ""field"": ""valor"", ""value"": 84.28, ""period"": ""2026-09-14"", ""url"": ""https://evtms-rpts.pancanal.com/eng/h2o/Download_Gatun_Lake_Water_Level_History.csv"", ""excerpt"": ""ACP: nivel del lago Gatún (observado), 2026-09-14: 84.28 pies""}]}]",,,,
SR44,EVT-0055,PKG-0055-studio-v1,cache,script,"Según larepublica.co, el Canal de Panamá podría destinar la mayor parte de sus aportes al presupuesto y gastos del Estado. La noticia se basa únicamente en el titular de un artículo. ¿Qué porcentaje exacto se destinará y cuál es la base legal para esta asignación?",DECLARACION,"[""CLM-0055-001""]","[{""claim_id"": ""CLM-0055-001"", ""statement"": ""Canal de Panamá destinará la mayor parte de sus aportes al presupuesto y gastos del Estado"", ""status"": ""SOLO_REPORTADA"", ""attributed_to"": ""larepublica.co"", ""refs"": [{""evidence_id"": ""news:gdt-29e433e79f24afd5474c"", ""kind"": ""noticia"", ""field"": ""titulo"", ""value"": ""Canal de Panamá destinará la mayor parte de sus aportes al presupuesto y gastos del Estado"", ""period"": null, ""url"": ""https://www.larepublica.co/globoeconomia/canal-de-panama-destinara-la-mayor-parte-de-sus-aportes-al-presupuesto-y-gastos-del-estado-4471908"", ""excerpt"": ""Canal de Panamá destinará la mayor parte de sus aportes al presupuesto y gastos del Estado""}]}]",,,,
SR45,EVT-0080,PKG-0080-studio-v1,cache,script,"La Autoridad Marítima de Panamá está revisando una resolución sobre el acceso a información pública, según un reporte de laestrella.com.pa.",DECLARACION,"[""CLM-0080-001""]","[{""claim_id"": ""CLM-0080-001"", ""statement"": ""Autoridad Marítima de Panamá revisará resolución sobre acceso a información pública"", ""status"": ""SOLO_REPORTADA"", ""attributed_to"": ""laestrella.com.pa"", ""refs"": [{""evidence_id"": ""news:gdt-b67dc26db0a203e76228"", ""kind"": ""noticia"", ""field"": ""titulo"", ""value"": ""Autoridad Marítima de Panamá revisará resolución sobre acceso a información pública"", ""period"": null, ""url"": ""https://www.laestrella.com.pa/panama/nacional/autoridad-maritima-de-panama-revisara-resolucion-sobre-acceso-a-informacion-publica-AH25338459"", ""excerpt"": ""Autoridad Marítima de Panamá revisará resolución sobre acceso a información pública""}]}]",,,,
SR46,EVT-0090,PKG-0090-studio-v1,cache,brief,"El nivel del lago Gatún, según datos del ACP del 6 de septiembre de 2026, fue de 84.1 pies.",HECHO,"[""CLM-0090-002""]","[{""claim_id"": ""CLM-0090-002"", ""statement"": ""Según ACP, nivel del lago Gatún (observado) en 2026-09-06: 84.1 pies"", ""status"": ""SUSTENTADA"", ""attributed_to"": null, ""refs"": [{""evidence_id"": ""ind:acp:ACP.GATUN.NIVEL:2026-09-06"", ""kind"": ""indicador"", ""field"": ""valor"", ""value"": 84.1, ""period"": ""2026-09-06"", ""url"": ""https://evtms-rpts.pancanal.com/eng/h2o/Download_Gatun_Lake_Water_Level_History.csv"", ""excerpt"": ""ACP: nivel del lago Gatún (observado), 2026-09-06: 84.1 pies""}]}]",,,,
SR47,EVT-0009,PKG-0009-studio-v1,cache,script,"TVN Media refuerza su compromiso social con una jornada de voluntariado en el Banco de Alimentos. La empresa anunció la iniciativa, que forma parte de su esfuerzo por apoyar causas sociales.",DECLARACION,"[""CLM-0009-001""]","[{""claim_id"": ""CLM-0009-001"", ""statement"": ""TVN Media refuerza su compromiso social con jornada de voluntariado en el Banco de Alimentos"", ""status"": ""SOLO_REPORTADA"", ""attributed_to"": ""TVN"", ""refs"": [{""evidence_id"": ""news:tvn-ed18ce261c658cddd084"", ""kind"": ""noticia"", ""field"": ""titulo"", ""value"": ""TVN Media refuerza su compromiso social con jornada de voluntariado en el Banco de Alimentos"", ""period"": null, ""url"": ""https://www.tvn-2.com/nacionales/tvn-media-refuerza-compromiso-social_1_2217708.html"", ""excerpt"": ""TVN Media refuerza su compromiso social con jornada de voluntariado en el Banco de Alimentos""}]}]",,,,
SR48,EVT-0048,PKG-0048-studio-v1,cache,script,"Banistmo, una institución financiera panameña, presentó una nueva identidad institucional como parte de su integración al Grupo Financiero BSC, según un titular publicado por TVN. El anuncio se hizo a través de un titular publicado en el medio.",DECLARACION,"[""CLM-0048-001""]","[{""claim_id"": ""CLM-0048-001"", ""statement"": ""Tu Banco, tu Istmo: Banistmo presenta nueva identidad como parte del Grupo Financiero BSC"", ""status"": ""SOLO_REPORTADA"", ""attributed_to"": ""TVN"", ""refs"": [{""evidence_id"": ""news:tvn-85293a9ba9bacac2d3f8"", ""kind"": ""noticia"", ""field"": ""titulo"", ""value"": ""Tu Banco, tu Istmo: Banistmo presenta nueva identidad como parte del Grupo Financiero BSC"", ""period"": null, ""url"": ""https://www.tvn-2.com/economia/empresas/publirreportajes/banco-istmo-banistmo-presenta-nueva_1_2258123.html"", ""excerpt"": ""Tu Banco, tu Istmo: Banistmo presenta nueva identidad como parte del Grupo Financiero BSC""}]}]",,,,
SR49,EVT-0067,PKG-0067-studio-v1,cache,script,Daniel Noboa se reunirá con el presidente de Panamá para tratar temas relacionados con comercio y seguridad. La información se basa en un titular publicado por expreso.ec.,DECLARACION,"[""CLM-0067-001""]","[{""claim_id"": ""CLM-0067-001"", ""statement"": ""Daniel Noboa se reunirá con el presidente de Panamá para tratar comercio y seguridad"", ""status"": ""SOLO_REPORTADA"", ""attributed_to"": ""expreso.ec"", ""refs"": [{""evidence_id"": ""news:gdt-9a0a3c6a1c6d4732654b"", ""kind"": ""noticia"", ""field"": ""titulo"", ""value"": ""Daniel Noboa se reunirá con el presidente de Panamá para tratar comercio y seguridad"", ""period"": null, ""url"": ""https://www.expreso.ec/politica/daniel-noboa-jose-raul-mulino-reuniran-guayaquil-tratar-comercio-seguridad-294221.html"", ""excerpt"": ""Daniel Noboa se reunirá con el presidente de Panamá para tratar comercio y seguridad""}]}]",,,,
SR50,EVT-0111,PKG-0111-studio-v1,cache,script,"Según mundomaritimo.cl, el Canal de Panamá podría aumentar a 33 los cupos diarios de tránsito y fijar el calado Neopanamax en 14,94 metros. Esta información se basa en un titular publicado en el sitio web de la fuente.",DECLARACION,"[""CLM-0111-001"", ""CLM-0111-003"", ""CLM-0111-004""]","[{""claim_id"": ""CLM-0111-001"", ""statement"": ""Canal de Panamá aumentará a 33 los cupos diarios de tránsito y fija calado Neopanamax en 14,94 metros"", ""status"": ""SOLO_REPORTADA"", ""attributed_to"": ""mundomaritimo.cl"", ""refs"": [{""evidence_id"": ""news:gdt-335e8e67c36674da5713"", ""kind"": ""noticia"", ""field"": ""titulo"", ""value"": ""Canal de Panamá aumentará a 33 los cupos diarios de tránsito y fija calado Neopanamax en 14,94 metros"", ""period"": null, ""url"": ""https://www.mundomaritimo.cl/noticias/canal-de-panama-aumentara-a-33-los-cupos-diarios-de-transito-y-fija-calado-neopanamax-en-1494-metros"", ""excerpt"": ""Canal de Panamá aumentará a 33 los cupos diarios de tránsito y fija calado Neopanamax en 14,94 metros""}]}, {""claim_id"": ""CLM-0111-003"", ""statement"": ""Canal de Panamá aumentará a 33 los cupos diarios de tránsito"", ""status"": ""SOLO_REPORTADA"", ""attributed_to"": ""mundomaritimo.cl"", ""refs"": [{""evidence_id"": ""news:gdt-335e8e67c36674da5713"", ""kind"": ""noticia"", ""field"": ""titulo"", ""value"": ""Canal de Panamá aumentará a 33 los cupos diarios de tránsito y fija calado Neopanamax en 14,94 metros"", ""period"": null, ""url"": ""https://www.mundomaritimo.cl/noticias/canal-de-panama-aumentara-a-33-los-cupos-diarios-de-transito-y-fija-calado-neopanamax-en-1494-metros"", ""excerpt"": ""Canal de Panamá aumentará a 33 los cupos diarios de tránsito y fija calado Neopanamax en 14,94 metros""}]}, {""claim_id"": ""CLM-0111-004"", ""statement"": ""Canal de Panamá fija calado Neopanamax en 14,94 metros"", ""status"": ""SOLO_REPORTADA"", ""attributed_to"": ""mundomaritimo.cl"", ""refs"": [{""evidence_id"": ""news:gdt-335e8e67c36674da5713"", ""kind"": ""noticia"", ""field"": ""titulo"", ""value"": ""Canal de Panamá aumentará a 33 los cupos diarios de tránsito y fija calado Neopanamax en 14,94 metros"", ""period"": null, ""url"": ""https://www.mundomaritimo.cl/noticias/canal-de-panama-aumentara-a-33-los-cupos-diarios-de-transito-y-fija-calado-neopanamax-en-1494-metros"", ""excerpt"": ""Canal de Panamá aumentará a 33 los cupos diarios de tránsito y fija calado Neopanamax en 14,94 metros""}]}]",,,,
SR51,EVT-0088,PKG-0088-studio-v1,cache,script,"Según telemetro.com, el Canal de Panamá reduce el tránsito de buques debido al fenómeno climático El Niño. Sin embargo, no se dispone de información detallada sobre el impacto real de este fenómeno.",DECLARACION,"[""CLM-0088-001""]","[{""claim_id"": ""CLM-0088-001"", ""statement"": ""Canal de Panamá reduce el tránsito de buques por El Niño: ¿qué significa para el país?"", ""status"": ""SOLO_REPORTADA"", ""attributed_to"": ""telemetro.com"", ""refs"": [{""evidence_id"": ""news:gdt-f63259a11c73800d786e"", ""kind"": ""noticia"", ""field"": ""titulo"", ""value"": ""Canal de Panamá reduce el tránsito de buques por El Niño: ¿qué significa para el país?"", ""period"": null, ""url"": ""https://www.telemetro.com/nacionales/canal-panama-reduce-el-transito-buques-el-nino-que-significa-el-pais-n6090876"", ""excerpt"": ""Canal de Panamá reduce el tránsito de buques por El Niño: ¿qué significa para el país?""}]}]",,,,
SR52,EVT-0127,PKG-0127-studio-v1,cache,script,"Canal de Panamá mantiene tránsitos y aplica ajustes de calado por El Niño, según un titular publicado por telemetro.com. El nivel del lago Gatún fue de 84.69 pies el 16 de julio de 2026, según datos del ACP.",DECLARACION,"[""CLM-0127-001"", ""CLM-0127-002""]","[{""claim_id"": ""CLM-0127-001"", ""statement"": ""Canal de Panamá mantiene tránsitos y aplica ajustes de calado por El Niño"", ""status"": ""SOLO_REPORTADA"", ""attributed_to"": ""telemetro.com"", ""refs"": [{""evidence_id"": ""news:gdt-6efeaf413fa97fd71039"", ""kind"": ""noticia"", ""field"": ""titulo"", ""value"": ""Canal de Panamá mantiene tránsitos y aplica ajustes de calado por El Niño"", ""period"": null, ""url"": ""https://www.telemetro.com/nacionales/canal-panama-mantiene-transitos-y-aplica-ajustes-calado-el-nino-n6085500"", ""excerpt"": ""Canal de Panamá mantiene tránsitos y aplica ajustes de calado por El Niño""}]}, {""claim_id"": ""CLM-0127-002"", ""statement"": ""Según ACP, nivel del lago Gatún (observado) en 2026-07-16: 84.69 pies"", ""status"": ""SUSTENTADA"", ""attributed_to"": null, ""refs"": [{""evidence_id"": ""ind:acp:ACP.GATUN.NIVEL:2026-07-16"", ""kind"": ""indicador"", ""field"": ""valor"", ""value"": 84.69, ""period"": ""2026-07-16"", ""url"": ""https://evtms-rpts.pancanal.com/eng/h2o/Download_Gatun_Lake_Water_Level_History.csv"", ""excerpt"": ""ACP: nivel del lago Gatún (observado), 2026-07-16: 84.69 pies""}]}]",,,,
SR53,EVT-0181,PKG-0181-studio-v1,cache,script,"Según revistaeyn.com, el Canal de Panamá flexibilizó su sistema de reservas en medio de una restricción al tránsito. Esta medida forma parte de ajustes operativos en respuesta a condiciones actuales.",DECLARACION,"[""CLM-0181-001""]","[{""claim_id"": ""CLM-0181-001"", ""statement"": ""Canal de Panamá flexibiliza el sistema de reservas en medio de restricción al tránsito"", ""status"": ""SOLO_REPORTADA"", ""attributed_to"": ""revistaeyn.com"", ""refs"": [{""evidence_id"": ""news:gdt-409dc5940ab8ce42363a"", ""kind"": ""noticia"", ""field"": ""titulo"", ""value"": ""Canal de Panamá flexibiliza el sistema de reservas en medio de restricción al tránsito"", ""period"": null, ""url"": ""https://www.revistaeyn.com/centroamericaymundo/canal-de-panama-flexibiliza-el-sistema-de-reservas-en-medio-de-restriccion-al-transito-NN31877587"", ""excerpt"": ""Canal de Panamá flexibiliza el sistema de reservas en medio de restricción al tránsito""}]}]",,,,
SR54,EVT-0149,PKG-0149-studio-v1,cache,brief,"La Fiscalía incluyó una nueva empresa vinculada a importaciones desde Panamá en el caso Lili Pink, según hsbnoticias.com.",DECLARACION,"[""CLM-0149-003""]","[{""claim_id"": ""CLM-0149-003"", ""statement"": ""Fiscalía incluye nueva empresa vinculada a importaciones desde Panamá"", ""status"": ""SOLO_REPORTADA"", ""attributed_to"": ""Fiscalía (según hsbnoticias.com)"", ""refs"": [{""evidence_id"": ""news:gdt-41710870df708569e2ca"", ""kind"": ""noticia"", ""field"": ""titulo"", ""value"": ""Fiscalía amplía medidas cautelares en caso Lili Pink e incluye nueva empresa vinculada a importaciones desde Panamá"", ""period"": null, ""url"": ""https://www.hsbnoticias.com/fiscalia-amplia-medidas-cautelares-en-caso-lili-pink-e-incluye-nueva-empresa-vinculada-a-importaciones-desde-panama/"", ""excerpt"": ""Fiscalía amplía medidas cautelares en caso Lili Pink e incluye nueva empresa vinculada a importaciones desde Panamá""}]}]",,,,
SR55,EVT-0062,PKG-0062-studio-v1,cache,script,"Otra fuente atribuye la noticia al Presidente mismo, quien confirmó la visita para el viernes con el objetivo de discutir asuntos económicos y de seguridad.",DECLARACION,"[""CLM-0062-002""]","[{""claim_id"": ""CLM-0062-002"", ""statement"": ""Presidente de Panamá visitará Ecuador el viernes para hablar sobre economía y seguridad"", ""status"": ""SOLO_REPORTADA"", ""attributed_to"": ""Presidente de Panamá (según diaadia.com.pa)"", ""refs"": [{""evidence_id"": ""news:gdt-8579da59ed4c0b2d3a87"", ""kind"": ""noticia"", ""field"": ""titulo"", ""value"": ""Presidente de Panamá visitará Ecuador el viernes para hablar sobre economía y seguridad"", ""period"": null, ""url"": ""https://www.diaadia.com.pa/el-pais/presidente-de-panama-visitara-ecuador-el-viernes-para-hablar-sobre-economia-y-seguridad"", ""excerpt"": ""Presidente de Panamá visitará Ecuador el viernes para hablar sobre economía y seguridad""}]}]",,,,
